{"RMSE": 39.07341410029491, "MAPE": 0.19846756756305695}